{
    "oneagent": "Dynatrace OneAgent - Can cause issue with OOM issues with pods. It can also cause application specific issues",
    "illumio": "Illumio - Networking tool that can cause issues with pod networking",
    "elastic-agent": "Elastic Agent - Can cause issues with pod networking - https://github.com/cilium/cilium/issues/28433#issuecomment-1799025691",
    "nessus": "Tenable Nessus - Will sometimes kill process in a container.",
    "fapolicyd": "fapolicyd - Can cause permission issues within pods and mount failures",
    "falcon-sensor": "Crowdstrike Falcon Sensor - Can sometimes cause a variety of issues with pods",
    "falco": "falco - Can cause issues with pod networking"
}
